repo,snapshot_tag,snapshot_date,event_id,event_observation_id,event_published,event_date_source,ground_truth_source,ground_truth_aliases,fixed_commit,commit_subject,case_file,control_file,changed_source_files_count,changed_source_files_sample,review_decision,review_notes
curl,curl-7_37_0,2014-05-20T21:42:47+00:00,CVE-2014-3613,curl:curl-7_37_0:CVE-2014-3613,2014-09-10T08:00:00+00:00,osv_published,explicit_id+osv_range,CURL-CVE-2014-3613;CVE-2014-3613,8a75dbeb2305297640453029b7905ef51b87e8dd,cookies: only use full host matches for hosts used as IP address,lib/cookie.c,lib/connect.c,1,lib/cookie.c,,
curl,curl-7_37_0,2014-05-20T21:42:47+00:00,CVE-2014-3707,curl:curl-7_37_0:CVE-2014-3707,2014-11-05T08:00:00+00:00,osv_published,explicit_id+osv_range,CURL-CVE-2014-3707;CVE-2014-3707,b3875606925536f82fc61f3114ac42f29eaf6945,curl_easy_duphandle: CURLOPT_COPYPOSTFIELDS read out of bounds,lib/formdata.c,lib/telnet.c,8,lib/formdata.c;lib/strdup.c;lib/strdup.h;lib/url.c;lib/urldata.h;src/tool_setup.h;src/tool_strdup.c;src/tool_strdup.h,,
curl,curl-7_37_0,2014-05-20T21:42:47+00:00,CVE-2015-3148,curl:curl-7_37_0:CVE-2015-3148,2015-04-21T21:20:37+00:00,fixed_commit_epoch,explicit_id,CVE-2015-3148,79b9d5f1a42578f807a6c94914bc65cbaa304b6d,http_done: close Negotiate connections when done,lib/http.c,lib/ssh.c,1,lib/http.c,,
curl,curl-7_37_0,2014-05-20T21:42:47+00:00,CVE-2016-0754,curl:curl-7_37_0:CVE-2016-0754,2016-01-26T22:42:55+00:00,fixed_commit_epoch,explicit_id,CVE-2016-0754,3017d8a8d8849ebd4feae4f5eae037cd55736a61,curl: avoid local drive traversal when saving file (Windows),src/tool_cb_hdr.c,lib/if2ip.c,4,src/tool_cb_hdr.c;src/tool_doswin.c;src/tool_doswin.h;src/tool_operate.c,,
curl,curl-7_37_0,2014-05-20T21:42:47+00:00,CVE-2016-3739,curl:curl-7_37_0:CVE-2016-3739,2016-05-18T08:00:00+00:00,osv_published,explicit_id+osv_range,CURL-CVE-2016-3739;CVE-2016-3739,6efd2fa529a189bf41736a610f6184cd8ad94b4d,"mbedtls/polarssl: set ""hostname"" unconditionally",lib/vtls/polarssl.c,lib/vtls/vtls.c,2,lib/vtls/mbedtls.c;lib/vtls/polarssl.c,,
curl,curl-8_6_0,2024-01-31T07:03:52+00:00,CVE-2024-2004,curl:curl-8_6_0:CVE-2024-2004,2024-03-27T08:00:00+00:00,osv_published,osv_range,CURL-CVE-2024-2004;CVE-2024-2004,17d302e56221f5040092db77d4f85086e8a20e0e,setopt: Fix disabling all protocols,lib/setopt.c,src/tool_getparam.c,1,lib/setopt.c,,
curl,curl-8_6_0,2024-01-31T07:03:52+00:00,CVE-2024-2398,curl:curl-8_6_0:CVE-2024-2398,2024-03-27T08:00:00+00:00,osv_published,osv_range,CURL-CVE-2024-2398;CVE-2024-2398,deca8039991886a559b67bcd6701db800a5cf764,http2: push headers better cleanup,lib/http2.c,src/tool_operate.c,1,lib/http2.c,,
curl,curl-8_6_0,2024-01-31T07:03:52+00:00,CVE-2024-2466,curl:curl-8_6_0:CVE-2024-2466,2024-03-27T08:00:00+00:00,osv_published,osv_range,CURL-CVE-2024-2466;CVE-2024-2466,3d0fd382a29b95561b90b7ea3e7eb04dfdd43538,mbedtls: fix pytest for newer versions,lib/vtls/mbedtls.c,lib/vtls/bearssl.c,1,lib/vtls/mbedtls.c,,
curl,curl-8_6_0,2024-01-31T07:03:52+00:00,CVE-2024-6197,curl:curl-8_6_0:CVE-2024-6197,2024-07-24T08:00:00+00:00,osv_published,osv_range,CURL-CVE-2024-6197;CVE-2024-6197,3a537a4db9e65e545ec45b1b5d5575ee09a2569d,x509asn1: remove superfluous free(),lib/vtls/x509asn1.c,lib/vssh/wolfssh.c,1,lib/vtls/x509asn1.c,,
curl,curl-8_6_0,2024-01-31T07:03:52+00:00,CVE-2024-6874,curl:curl-8_6_0:CVE-2024-6874,2024-07-24T08:00:00+00:00,osv_published,osv_range,CURL-CVE-2024-6874;CVE-2024-6874,686d54baf1df6e0775898f484d1670742898b3b2,idn: tweak buffer use when converting with macidn,lib/idn.c,lib/splay.c,1,lib/idn.c,,
curl,curl-8_6_0,2024-01-31T07:03:52+00:00,CVE-2024-7264,curl:curl-8_6_0:CVE-2024-7264,2024-07-31T08:00:00+00:00,osv_published,osv_range+osv_ref,CURL-CVE-2024-7264;CVE-2024-7264,27959ecce75cdb2809c0bdb3286e60e08fadb519,x509asn1: unittests and fixes for gtime2str,lib/vtls/x509asn1.h,include/curl/header.h,2,lib/vtls/x509asn1.c;lib/vtls/x509asn1.h,,
curl,curl-8_6_0,2024-01-31T07:03:52+00:00,CVE-2024-8096,curl:curl-8_6_0:CVE-2024-8096,2024-09-11T08:00:00+00:00,osv_published,osv_range,CURL-CVE-2024-8096;CVE-2024-8096,aeb1a281cab13c7ba791cb104e556b20e713941f,gtls: fix OCSP stapling management,lib/vtls/gtls.c,lib/vquic/curl_quiche.c,1,lib/vtls/gtls.c,,
curl,curl-8_6_0,2024-01-31T07:03:52+00:00,CVE-2024-9681,curl:curl-8_6_0:CVE-2024-9681,2024-11-05T08:00:00+00:00,osv_published,osv_range,CURL-CVE-2024-9681;CVE-2024-9681,a94973805df96269bf3f3bf0a20ccb9887313316,hsts: improve subdomain handling,lib/hsts.c,lib/cf-https-connect.c,1,lib/hsts.c,,
curl,curl-8_6_0,2024-01-31T07:03:52+00:00,CVE-2025-0665,curl:curl-8_6_0:CVE-2025-0665,2025-02-05T08:00:00+00:00,osv_published,osv_range,CURL-CVE-2025-0665;CVE-2025-0665,ff5091aa9f73802e894b1cbdf24ab84e103200e2,async-thread: avoid closing eventfd twice,lib/asyn-thread.c,src/tool_listhelp.c,1,lib/asyn-thread.c,,
curl,curl-8_6_0,2024-01-31T07:03:52+00:00,CVE-2025-0725,curl:curl-8_6_0:CVE-2025-0725,2025-02-05T08:00:00+00:00,nvd_published+osv_published,nvd_ref+osv_range+osv_ref,CURL-CVE-2025-0725;CVE-2025-0725,76f83f0db23846e254d940ec7,content_encoding: drop support for zlib before 1.2.0.4,lib/content_encoding.c,lib/asyn-ares.c,1,lib/content_encoding.c,,
curl,curl-8_6_0,2024-01-31T07:03:52+00:00,CVE-2025-10966,curl:curl-8_6_0:CVE-2025-10966,2025-11-05T08:00:00+00:00,osv_published,osv_range,CURL-CVE-2025-10966;CVE-2025-10966,b011e3fcfb06d6c0278595ee2ee297036fbe9793,vssh: drop support for wolfSSH,lib/curl_setup.h,lib/cfilters.h,6,lib/curl_setup.h;lib/url.c;lib/version.c;lib/vssh/ssh.h;packages/OS400/ccsidcurl.c;scripts/schemetable.c,,
curl,curl-8_6_0,2024-01-31T07:03:52+00:00,CVE-2025-14017,curl:curl-8_6_0:CVE-2025-14017,2026-01-07T08:00:00+00:00,osv_published,osv_range,CURL-CVE-2025-14017;CVE-2025-14017,39d1976b7f709a516e3243338ebc0443bdd8d56d,ldap: call ldap_init() before setting the options,lib/ldap.c,lib/doh.c,1,lib/ldap.c,,
curl,curl-8_6_0,2024-01-31T07:03:52+00:00,CVE-2025-14524,curl:curl-8_6_0:CVE-2025-14524,2026-01-06T08:00:00+00:00,osv_published,osv_range,CURL-CVE-2025-14524;CVE-2025-14524,1a822275d333dc6da6043497160fd04c8fa48640,"curl_sasl: if redirected, require permission to use bearer",lib/curl_sasl.c,src/tool_formparse.c,1,lib/curl_sasl.c,,
curl,curl-8_6_0,2024-01-31T07:03:52+00:00,CVE-2025-14819,curl:curl-8_6_0:CVE-2025-14819,2026-01-07T08:00:00+00:00,osv_published,osv_range,CURL-CVE-2025-14819;CVE-2025-14819,cd046f6c93b39d673a58c18648d8906e954c4f5d,openssl: toggling CURLSSLOPT_NO_PARTIALCHAIN makes a different CA cache,lib/vtls/openssl.c,lib/vquic/curl_ngtcp2.c,1,lib/vtls/openssl.c,,
curl,curl-8_6_0,2024-01-31T07:03:52+00:00,CVE-2025-15079,curl:curl-8_6_0:CVE-2025-15079,2026-01-07T08:00:00+00:00,osv_published,osv_range,CURL-CVE-2025-15079;CVE-2025-15079,adca486c125d9a6d9565b9607a19dce803a8b479,libssh: set both knownhosts options to the same file,lib/vssh/libssh.c,lib/vtls/schannel.c,1,lib/vssh/libssh.c,,
curl,curl-8_6_0,2024-01-31T07:03:52+00:00,CVE-2025-5025,curl:curl-8_6_0:CVE-2025-5025,2025-05-28T07:15:24+00:00,osv_published,osv_range,CURL-CVE-2025-5025;CVE-2025-5025,e1f65937a96a451292e9231339672797da86ecc5,pytest: add pinnedpubkey test cases,lib/vtls/wolfssl.c,lib/vtls/vtls.c,3,lib/vquic/vquic-tls.c;lib/vtls/wolfssl.c;lib/vtls/wolfssl.h,,
curl,curl-8_6_0,2024-01-31T07:03:52+00:00,OSV-2025-657,curl:curl-8_6_0:OSV-2025-657,2025-08-20T00:12:09+00:00,osv_published,osv_range,OSV-2025-657,c294d0abc5b62b8068af391576be87b821d2ff8b,libssh2: fix sftp_statemachine busyloop when *block=true,lib/vssh/libssh2.c,lib/vtls/sectransp.c,1,lib/vssh/libssh2.c,,
django-django,4.2.4,2023-08-01T16:59:48+00:00,CVE-2024-11168,django-django:4.2.4:CVE-2024-11168,2024-12-03T08:50:11+00:00,fixed_commit_epoch,explicit_id,CVE-2024-11168,f663277a4c22ef96cbdebfd0ed76155b9d37b4f8,[4.2.x] Refs CVE-2024-11168 -- Updated vendored _urlsplit() to properly validate IPv6 and IPvFuture addresses.,django/utils/http.py,django/utils/functional.py,1,django/utils/http.py,,
django-django,4.2.4,2023-08-01T16:59:48+00:00,CVE-2024-41989,django-django:4.2.4:CVE-2024-41989,2024-08-07T15:15:56+00:00,osv_published,explicit_id+osv_range,BIT-DJANGO-2024-41989;CVE-2024-41989;GHSA-JH75-99HH-QVX9;PYSEC-2024-67,fc76660f589ac07e45e9cd34ccb8087aeb11904b,[4.2.x] Fixed CVE-2024-41989 -- Prevented excessive memory consumption in floatformat.,django/template/defaultfilters.py,django/http/multipartparser.py,1,django/template/defaultfilters.py,,
django-django,4.2.4,2023-08-01T16:59:48+00:00,CVE-2024-41990,django-django:4.2.4:CVE-2024-41990,2024-08-07T15:15:56+00:00,osv_published,explicit_id+osv_range,BIT-DJANGO-2024-41990;CVE-2024-41990;GHSA-795C-9XPC-XW6G;PYSEC-2024-68,d0a82e26a74940bf0c78204933c3bdd6a283eb88,[4.2.x] Fixed CVE-2024-41990 -- Mitigated potential DoS in urlize and urlizetrunc template filters.,django/utils/html.py,django/utils/text.py,1,django/utils/html.py,,
django-django,4.2.4,2023-08-01T16:59:48+00:00,CVE-2024-41991,django-django:4.2.4:CVE-2024-41991,2024-08-07T15:15:56+00:00,osv_published,explicit_id+osv_range,BIT-DJANGO-2024-41991;CVE-2024-41991;GHSA-R836-HH6V-RG5G;PYSEC-2024-69,efea1ef7e2190e3f77ca0651b5458297bc0f6a9f,[4.2.x] Fixed CVE-2024-41991 -- Prevented potential ReDoS in django.utils.html.urlize() and AdminURLFieldWidget.,django/contrib/admin/widgets.py,django/db/migrations/executor.py,2,django/contrib/admin/widgets.py;django/utils/html.py,,
git,v2.0.0-rc0,2014-04-18T18:21:43+00:00,CVE-2016-2315,git:v2.0.0-rc0:CVE-2016-2315,2016-04-08T14:59:01+00:00,nvd_published,nvd_ref,CVE-2016-2315,34fa79a6cde56d6d428ab0d3160cb094ebad3305,prefer memcpy to strcpy,compat/nedmalloc/nedmalloc.c,compat/poll/poll.c,3,compat/nedmalloc/nedmalloc.c;fast-import.c;revision.c,,
git,v2.0.0-rc0,2014-04-18T18:21:43+00:00,CVE-2016-2324,git:v2.0.0-rc0:CVE-2016-2324,2016-04-08T14:59:02+00:00,nvd_published,nvd_ref,CVE-2016-2324,de1e67d0703894cb6ea782e36abb63976ab07e60,list-objects: pass full pathname to callbacks,builtin/pack-objects.c,builtin/blame.c,9,builtin/pack-objects.c;builtin/rev-list.c;list-objects.c;list-objects.h;pack-bitmap-write.c;pack-bitmap.c;reachable.c;revision.c;revision.h,,
jq,jq-1.7rc1,2023-07-30T02:28:38+00:00,CVE-2024-23337,jq:jq-1.7rc1:CVE-2024-23337,2025-05-21T14:34:51+00:00,nvd_published+osv_published,explicit_id+nvd_ref+osv_range+osv_ref,CVE-2024-23337;GHSA-2Q6R-344G-CX46,de21386681c0df0104a99d9d09db23a9b2a78b1e,Fix signed integer overflow in jvp_array_write and jvp_object_rehash,src/jv_aux.c,src/jv_parse.c,2,src/jv.c;src/jv_aux.c,,
jq,jq-1.7rc1,2023-07-30T02:28:38+00:00,CVE-2025-49014,jq:jq-1.7rc1:CVE-2025-49014,2025-06-19T15:08:04+00:00,osv_published,explicit_id+osv_range+osv_ref,CVE-2025-49014;GHSA-RMJP-CR27-WPG2,499c91bca9d4d027833bc62787d1bb075c03680e,Fixes CVE-2025-49014 which was introduced in 1.8.0,src/builtin.c,src/lexer.c,1,src/builtin.c,,
jq,jq-1.7rc1,2023-07-30T02:28:38+00:00,GHSA-F946-J5J2-4W5M,jq:jq-1.7rc1:GHSA-F946-J5J2-4W5M,2025-06-24T13:39:40+00:00,fixed_commit_epoch,explicit_id,GHSA-F946-J5J2-4W5M,5e159b34b179417e3e0404108190a2ac7d65611c,Fix GHSA-f946-j5j2-4w5m stack-overflow by limit regex parse depth,src/main.c,src/execute.c,1,src/main.c,,
jq,jq-1.7rc1,2023-07-30T02:28:38+00:00,OSV-2024-330,jq:jq-1.7rc1:OSV-2024-330,2024-04-30T00:00:31+00:00,osv_published,osv_range,OSV-2024-330,6ce6e7c71355a0b6006e9e3371364f6945da5a29,chore: fix some typos in comments (#3096),src/decNumber/decBasic.c,src/decNumber/decCommon.c,3,src/decNumber/decBasic.c;src/decNumber/decNumber.c;src/util.c,,
openssh,V_9_5_P1,2023-10-04T04:34:10+00:00,CVE-2023-51384,openssh:V_9_5_P1:CVE-2023-51384,2023-12-18T19:15:08+00:00,nvd_published+osv_published,nvd_ref+osv_range+osv_ref,CVE-2023-51384,881d9c6af9da4257c69c327c4e2f1508b2fa754b,upstream: apply destination constraints to all p11 keys,ssh-agent.c,mux.c,1,ssh-agent.c,,
openssh,V_9_5_P1,2023-10-04T04:34:10+00:00,CVE-2023-51385,openssh:V_9_5_P1:CVE-2023-51385,2023-12-18T19:15:08+00:00,nvd_published+osv_published,nvd_ref+osv_range+osv_ref,CVE-2023-51385,7ef3787c84b6b524501211b11a26c742f829af1a,upstream: ban user/hostnames with most shell metacharacters,ssh.c,packet.c,1,ssh.c,,
openssh,V_9_5_P1,2023-10-04T04:34:10+00:00,CVE-2025-32728,openssh:V_9_5_P1:CVE-2025-32728,2025-04-10T02:15:30+00:00,nvd_published+osv_published,nvd_ref+osv_range+osv_ref,CVE-2025-32728,fc86875e6acb36401dfc1dfb6b628a9d1460f367,upstream: Fix logic error in DisableForwarding option. This option,session.c,sshd.c,1,session.c,,
php-src,php-5.5.12RC1,2014-04-15T16:01:14+00:00,CVE-2014-0185,php-src:php-5.5.12RC1:CVE-2014-0185,2014-05-06T10:44:02+00:00,nvd_published,explicit_id+nvd_ref,CVE-2014-0185,61b002b91baa78af0b7f438c8c35a51951c650a5,Fix for CVE-2014-0185,sapi/fpm/fpm/fpm_unix.c,ext/pcre/pcrelib/pcre_valid_utf8.c,1,sapi/fpm/fpm/fpm_unix.c,,
traefik-traefik,v2.10.6,2023-11-28T14:46:10+00:00,CVE-2024-28869,traefik-traefik:v2.10.6:CVE-2024-28869,2024-04-12T21:08:36+00:00,osv_published,osv_range+osv_ref,CVE-2024-28869;GHSA-4VWX-54MW-VQFW;GO-2024-2722,240b83b77351dfd8cadb91c305b84e9d22e0f9c6,Set default ReadTimeout value to 60s,pkg/config/static/static_config.go,pkg/provider/consulcatalog/consul_catalog.go,1,pkg/config/static/static_config.go,,
traefik-traefik,v2.10.6,2023-11-28T14:46:10+00:00,CVE-2025-54386,traefik-traefik:v2.10.6:CVE-2025-54386,2025-08-01T23:32:21+00:00,osv_published,osv_range+osv_ref,CVE-2025-54386;GHSA-Q6GG-9F92-R9WG;GO-2025-3835,5ef853a0c53068f69a6c229a5815a0dc6e0a8800,Fix client arbitrary file access during archive extraction zipslip,pkg/plugins/client.go,pkg/metrics/influxdb.go,1,pkg/plugins/client.go,,
zlib,v1.3,2023-08-18T08:45:36+00:00,CVE-2014-9485,zlib:v1.3:CVE-2014-9485,2024-01-17T23:08:08+00:00,fixed_commit_epoch,explicit_id,CVE-2014-9485,14a5f8f266c16c87ab6c086fc52b770b27701e01,Neutralize zip file traversal attacks in miniunz.,contrib/minizip/miniunz.c,contrib/blast/blast.c,1,contrib/minizip/miniunz.c,,
zlib,v1.3,2023-08-18T08:45:36+00:00,CVE-2023-45853,zlib:v1.3:CVE-2023-45853,2023-10-14T02:15:09+00:00,osv_published,osv_range,CVE-2023-45853;GHSA-MQ29-J5XF-CJWR,51b7f2abdade71cd9bb0e7a373ef2610ec6f9daf,zlib 1.3.1,contrib/infback9/inftree9.c,contrib/minizip/iowin32.c,10,contrib/infback9/inftree9.c;deflate.c;deflate.h;gzguts.h;gzlib.c;inftrees.c;trees.c;zconf.h;zlib.h;zutil.h,,
